name,stars,language,topics,description,last_updated,readme,clasificacion_ia
aaif-goose/goose,44.9k,Rust,ai; mcp; acp; ai-agents,"an open source, extensible AI agent that goes beyond code suggestions - install, execute, edit, and test with any LLM",Updated 19 minutes ago,"> **🦆 goose has moved!** This project has moved from `block/goose` to the [Agentic AI Foundation (AAIF)](https://aaif.io/) at the Linux Foundation. Some links and references are still being updated — please bear with us during the transition.  <div align=""center"">  # goose  _your native open source AI agent — desktop app, CLI, and API — for code, workflows, and everything in between_  <p align=""center"">   <a href=""https://opensource.org/licenses/Apache-2.0""     ><img src=""https://img.shields.io/",AI Agent (General)
pingcap/tidb,40.1k,Go,mysql; go; agent; sql; database,"TiDB is built for agentic workloads that grow unpredictably, with ACID guarantees and native support for transactions, analytics, and vec…",Updated 11 hours ago,"<div align=""center""> <a href='https://www.pingcap.com/?utm_source=github&utm_medium=tidb'> <img src=""docs/tidb-logo.png"" alt=""TiDB, a distributed SQL database"" height=100></img> </a>  ---  [![License](https://img.shields.io/badge/License-Apache_2.0-blue.svg)](https://github.com/pingcap/tidb/blob/master/LICENSE) [![Language](https://img.shields.io/badge/Language-Go-blue.svg)](https://golang.org/)  [![Build Status](https://prow.tidb.net/badge.svg?jobs=merged-tidb-build)](https://prow.tidb.net/?rep",Database / Data Warehouse
1Panel-dev/1Panel,35.4k,Go,linux; agent; docker; lnmp; openresty,"🔥 1Panel is a modern, open-source VPS control panel — and the only one with native AI agent support. Run Ollama models, deploy OpenClaw a…",Updated 9 hours ago,"<p align=""center""><a href=""https://1panel.pro""><img src=""https://resource.1panel.pro/img/1panel-logo.png"" alt=""1Panel"" width=""300"" /></a></p>  <h3 align=""center"">The open-source VPS control panel with native AI agent support</h3>  <p align=""center"">   Trusted by <strong>2,000,000+</strong> self-hosters worldwide </p>  <p align=""center"">   <a href=""https://trendshift.io/repositories/2462"" target=""_blank""><img src=""https://trendshift.io/api/badge/repositories/2462"" alt=""1Panel-dev%2F1Panel | Trend",Infrastructure / DevOps
vercel-labs/agent-browser,32.4k,Rust,,Browser automation CLI for AI agents,Updated 2 days ago,# agent-browser  Browser automation CLI for AI agents. Fast native Rust CLI.  [![skills.sh](https://skills.sh/b/vercel-labs/agent-browser)](https://skills.sh/vercel-labs/agent-browser)  ## Installation  ### Global Installation (recommended)  Installs the native Rust binary:  ```bash npm install -g agent-browser agent-browser install  # Download Chrome from Chrome for Testing (first time only) ```  ### Project Installation (local dependency)  For projects that want to pin the version in `package.,Browser / Web Automation
zeroclaw-labs/zeroclaw,31.2k,Rust,agent; ai; os; ml; infra,"Fast, small, and fully autonomous AI personal assistant infrastructure, ANY OS, ANY PLATFORM — deploy anywhere, swap anything 🦀",Updated 6 hours ago,"<p align=""center"">   <img src=""https://raw.githubusercontent.com/zeroclaw-labs/zeroclaw/master/docs/assets/zeroclaw-banner.png"" alt=""ZeroClaw"" width=""600"" /> </p>  <h1 align=""center"">🦀 ZeroClaw — Personal AI Assistant</h1>  <p align=""center"">   <strong>You own the agent. You own the data. You own the machine it runs on.</strong> </p>  <p align=""center"">   <a href=""https://github.com/zeroclaw-labs/zeroclaw/actions/workflows/ci.yml""><img src=""https://img.shields.io/github/actions/workflow/status/z",AI Agent (General)
googleworkspace/cli,26k,Rust,rust; cli; automation; oauth2; google-drive,"Google Workspace CLI — one command-line tool for Drive, Gmail, Calendar, Sheets, Docs, Chat, Admin, and more. Dynamically built from Goog…",Updated 38 minutes ago,"<h1 align=""center"">gws</h1>  **One CLI for all of Google Workspace — built for humans and AI agents.**<br> Drive, Gmail, Calendar, and every Workspace API. Zero boilerplate. Structured JSON output. 40+ agent skills included.  > [!NOTE] > This is **not** an officially supported Google product.  <p>   <a href=""https://www.npmjs.com/package/@googleworkspace/cli""><img src=""https://img.shields.io/npm/v/@googleworkspace/cli"" alt=""npm version""></a>   <a href=""https://github.com/googleworkspace/cli/blob",Office / Productivity
charmbracelet/crush,24.1k,Go,ai; llms; agentic-ai; ravishing,Glamourous agentic coding for all 💘,Updated 20 hours ago,"# Crush  <p align=""center"">     <a href=""https://stuff.charm.sh/crush/charm-crush.png""><img width=""450"" alt=""Charm Crush Logo"" src=""https://github.com/user-attachments/assets/cf8ca3ce-8b02-43f0-9d0f-5a331488da4b"" /></a><br />     <a href=""https://github.com/charmbracelet/crush/releases""><img src=""https://img.shields.io/github/release/charmbracelet/crush"" alt=""Latest Release""></a>     <a href=""https://github.com/charmbracelet/crush/actions""><img src=""https://github.com/charmbracelet/crush/actions",AI Agent (General)
qax-os/excelize,20.6k,Go,visualization; microsoft; go; agent; formula,Go language library for reading and writing Microsoft Excel™ (XLAM / XLSM / XLSX / XLTM / XLTX) spreadsheets,Updated 9 days ago,"<p align=""center""><img width=""650"" src=""./excelize.svg"" alt=""Excelize logo""></p>  <p align=""center"">     <a href=""https://github.com/xuri/excelize/actions/workflows/go.yml""><img src=""https://github.com/xuri/excelize/actions/workflows/go.yml/badge.svg"" alt=""Build Status""></a>     <a href=""https://codecov.io/gh/qax-os/excelize""><img src=""https://codecov.io/gh/qax-os/excelize/branch/master/graph/badge.svg"" alt=""Code Coverage""></a>     <a href=""https://goreportcard.com/report/github.com/xuri/exceliz",Office / Productivity
screenpipe/screenpipe,18.6k,Rust,machine-learning; ai; computer-vision; ml; agi,Run agents that work based on what you do. 24/7 local screen & mic recording for the superintelligence era,Updated 1 hour ago,"<p align=""center"">    <a href =""https://screenpi.pe"">       <img src=""https://github.com/user-attachments/assets/d3b1de26-c3c0-4c84-b9c4-b03213b97a30"" alt=""logo"" width=""200"">    </a> </p>  <h1 align=""center"">[ screenpipe ]</h1>   <p align=""center"">AI memory for your screen</p> <p align=""center"">run agents that work for you based on what you do</p>   <p align=""center"">   <a href=""https://screenpi.pe/onboarding"" target=""_blank"">     <img src=""https://img.shields.io/badge/download-desktop%20app-bl",AI Agent (General)
vxcontrol/pentagi,16.7k,Go,react; graphql; golang; open-source; self-hosted,Fully autonomous AI Agents system capable of performing complex penetration testing tasks,Updated 6 hours ago,"# PentAGI  <div align=""center"" style=""font-size: 1.5em; margin: 20px 0;"">     <strong>P</strong>enetration testing <strong>A</strong>rtificial <strong>G</strong>eneral <strong>I</strong>ntelligence </div> <br> <div align=""center"">  > **Join the Community!** Connect with security researchers, AI enthusiasts, and fellow ethical hackers. Get support, share insights, and stay updated with the latest PentAGI developments.  [![Discord](https://img.shields.io/badge/Discord-7289DA?logo=discord&logoColor",Security / Pentesting
memvid/memvid,15.4k,Rust,python; nlp; opencv; machine-learning; embedded,"Memory layer for AI Agents. Replace complex RAG pipelines with a serverless, single-file memory layer. Give your agents instant retrieval…",Updated 3 days ago,"<!-- HEADER:START --> <img width=""2000"" height=""524"" alt=""Social Cover (9)""      src=""https://github.com/user-attachments/assets/cf66f045-c8be-494b-b696-b8d7e4fb709c"" /> <!-- HEADER:END -->  <div style=""height: 16px;""></div>  <p align=""center"">     <a href=""https://trendshift.io/repositories/17293"" target=""_blank""><img src=""https://trendshift.io/api/badge/repositories/17293"" alt=""memvid%2Fmemvid | Trendshift"" style=""width: 250px; height: 55px;"" width=""250"" height=""55""/></a> </p> <!-- BADGES:END",Memory / Knowledge / RAG
Canner/WrenAI,15.1k,Rust,agent; bigquery; charts; sql; postgresql,"The open context layer that gives AI agents grounded, governed SQL across 20+ data sources, that helps you build GenBI, dashboards, and a…",Updated 7 hours ago,"<p align=""center"" id=""top"">   <a href=""https://getwren.ai/?utm_source=github&utm_medium=title&utm_campaign=readme"">     <picture>       <source media=""(prefers-color-scheme: light)"" srcset=""./misc/wrenai_logo.png"">       <img src=""./misc/wrenai_logo_white.png"" width=""300px"">     </picture>     <h1 align=""center"">WrenAI — Open Context Layer for AI Agents</h1>   </a> </p>  <p align=""center"">   <a aria-label=""Follow us on X"" href=""https://x.com/getwrenai"">     <img alt="""" src=""https://img.shields.",Memory / Knowledge / RAG
googleapis/mcp-toolbox,15.1k,Go,mysql; agent; redis; bigquery; elasticsearch,MCP Toolbox for Databases is an open source MCP server for databases.,Updated 1 hour ago,"<div align=""center"">  ![logo](./logo.png)  # MCP Toolbox for Databases  <a href=""https://trendshift.io/repositories/13019"" target=""_blank""><img src=""https://trendshift.io/api/badge/repositories/13019"" alt=""googleapis%2Fmcp-toolbox | Trendshift"" style=""width: 250px; height: 55px;"" width=""250"" height=""55""/></a>  [![Go Report Card](https://goreportcard.com/badge/github.com/googleapis/mcp-toolbox)](https://goreportcard.com/report/github.com/googleapis/mcp-toolbox) [![License: Apache 2.0](https://img",MCP / Tools Protocol
Tencent/WeKnora,14.5k,Go,agent; golang; multi-tenant; ai; wiki,"Open-source LLM knowledge platform: turn raw documents into a queryable RAG, an autonomous reasoning agent, and a self-maintaining Wiki.",Updated 6 hours ago,"<p align=""center"">   <picture>     <img src=""./docs/images/logo.png"" alt=""WeKnora Logo"" height=""120""/>   </picture> </p>  <p align=""center"">   <picture>     <a href=""https://trendshift.io/repositories/15289"" target=""_blank"">       <img src=""https://trendshift.io/api/badge/repositories/15289"" alt=""Tencent%2FWeKnora | Trendshift"" style=""width: 250px; height: 55px;"" width=""250"" height=""55""/>     </a>   </picture> </p> <p align=""center"">     <a href=""https://weknora.weixin.qq.com"" target=""_blank"">",Memory / Knowledge / RAG
kubeshark/kubeshark,11.9k,Go,docker; kubernetes; golang; devops; pcap,"eBPF-powered network observability for Kubernetes. Indexes L4/L7 traffic with full K8s context, decrypts TLS without keys. Queryable by AI …",Updated 3 days ago,"<p align=""center"">   <img src=""https://raw.githubusercontent.com/kubeshark/assets/master/svg/kubeshark-logo.svg"" alt=""Kubeshark"" height=""120px""/> </p>  <p align=""center"">     <a href=""https://github.com/kubeshark/kubeshark/releases/latest""><img alt=""Release"" src=""https://img.shields.io/github/v/release/kubeshark/kubeshark?logo=GitHub&style=flat-square""></a>     <a href=""https://hub.docker.com/r/kubeshark/worker""><img alt=""Docker pulls"" src=""https://img.shields.io/docker/pulls/kubeshark/worker?co",Network Observability
h4ckf0r0day/obscura,11.3k,Rust,,The headless browser for AI agents and web scraping,Updated 6 hours ago,"<p align=""center"">   <img src=""https://raw.githubusercontent.com/h4ckf0r0day/obscura/main/assets/icon.png"" alt=""Obscura"" width=""80"" /> </p>  <h2 align=""center"">Obscura</h2>  <p align=""center"">   <strong>The open-source headless browser for AI agents and web scraping.</strong><br>   Lightweight, stealthy, and built in Rust. </p>  ---  Obscura is a headless browser engine written in Rust, built for web scraping and AI agent automation. It runs real JavaScript via V8, supports the Chrome DevTools P",Browser / Web Automation
sigoden/aichat,10k,Rust,shell; rust; cli; ai; chatbot,"All-in-one LLM CLI tool featuring Shell Assistant, Chat-REPL, RAG, AI Tools & Agents, with access to OpenAI, Claude, Gemini, Ollama, Groq…",Updated on Feb 23,"# AIChat: All-in-one LLM CLI Tool  [![CI](https://github.com/sigoden/aichat/actions/workflows/ci.yaml/badge.svg)](https://github.com/sigoden/aichat/actions/workflows/ci.yaml) [![Crates](https://img.shields.io/crates/v/aichat.svg)](https://crates.io/crates/aichat) [![Discord](https://img.shields.io/discord/1226737085453701222?label=Discord)](https://discord.gg/mr3ZZUB9hG)  AIChat is an all-in-one LLM CLI tool featuring Shell Assistant, CMD & REPL Mode, RAG, AI Tools & Agents, and More.   ## Insta",CLI / Terminal Tools
larksuite/cli,9.6k,Go,,"The official Lark/Feishu CLI tool, maintained by the larksuite team — built for humans and AI Agents. Covers core business domains includ…",Updated 10 hours ago,"# lark-cli  [![License: MIT](https://img.shields.io/badge/License-MIT-yellow.svg)](https://opensource.org/licenses/MIT) [![Go Version](https://img.shields.io/badge/go-%3E%3D1.23-blue.svg)](https://go.dev/) [![npm version](https://img.shields.io/npm/v/@larksuite/cli.svg)](https://www.npmjs.com/package/@larksuite/cli)  [中文版](./README.zh.md) | [English](./README.md)  The official [Lark/Feishu](https://www.larksuite.com/) CLI tool, maintained by the [larksuite](https://github.com/larksuite) team — b",Office / Productivity
databendlabs/databend,9.3k,Rust,rust; elasticsearch; sql; database; ai,"Data Agent Ready Warehouse : One for Analytics, Search, AI, Python Sandbox. — rebuilt from scratch. Unified architecture on your S3.",Updated 5 hours ago,"<h1 align=""center"">Databend</h1> <h3 align=""center"">Enterprise Data Warehouse for AI Agents</h3> <p align=""center"">Large-scale analytics, vector search, full-text search — with flexible agent orchestration and secure Python UDF sandboxes. Built for enterprise AI workloads.</p>  <div align=""center"">  <a href=""https://databend.com/"">☁️ Try Cloud</a> • <a href=""#-quick-start"">🚀 Quick Start</a> • <a href=""https://docs.databend.com/"">📖 Documentation</a> • <a href=""https://link.databend.com/join-slack",Database / Data Warehouse
risingwavelabs/risingwave,9k,Rust,rust; database; kafka; webhook; postgresql,"Event streaming platform for agentic AI. Continuously ingest, transform, and serve event streams in real time, at scale.",Updated 6 hours ago,"<p align=""center"">   <picture>     <source srcset="".github/RisingWave-logo-dark.svg"" width=""500px"" media=""(prefers-color-scheme: dark)"">     <img src="".github/RisingWave-logo-light.svg"" width=""500px"">   </picture> </p>   <div align=""center"">  ### 🌊 Event Streaming for Agentic AI  </div> <p align=""center"">   <a href=""https://docs.risingwave.com/"">Docs</a> | <a href=""https://docs.risingwave.com/get-started/rw-benchmarks-stream-processing"">Benchmarks</a> | <a href=""https://docs.risingwave.com/demo",AI Agent (General)
chenhg5/cc-connect,8.2k,Go,,"Bridge local AI coding agents (Claude Code, Cursor, Gemini CLI, Codex) to messaging platforms (Feishu/Lark, DingTalk, Slack, Telegram, Di…",Updated 21 hours ago,"<p align=""center"">   <img src=""./docs/images/banner.svg"" alt=""CC-Connect Banner"" width=""800""/> </p>  <p align=""center"">   <a href=""https://github.com/chenhg5/cc-connect/actions/workflows/ci.yml"">     <img src=""https://github.com/chenhg5/cc-connect/actions/workflows/ci.yml/badge.svg"" alt=""CI Status""/>   </a>   <a href=""https://github.com/chenhg5/cc-connect/releases"">     <img src=""https://img.shields.io/github/v/release/chenhg5/cc-connect?include_prereleases"" alt=""Release""/>   </a>   <a href=""htt",Office / Productivity
google/adk-go,7.9k,Go,go; sdk; ai; mcp; gemini,"An open-source, code-first Go toolkit for building, evaluating, and deploying sophisticated AI agents with flexibility and control.",Updated yesterday,# Agent Development Kit (ADK) for Go  [![License](https://img.shields.io/badge/License-Apache_2.0-blue.svg)](LICENSE) [![Go Doc](https://img.shields.io/badge/Go%20Package-Doc-blue.svg)](https://pkg.go.dev/google.golang.org/adk) [![Nightly Check](https://github.com/google/adk-go/actions/workflows/nightly.yml/badge.svg)](https://github.com/google/adk-go/actions/workflows/nightly.yml) [![r/agentdevelopmentkit](https://img.shields.io/badge/Reddit-r%2Fagentdevelopmentkit-FF4500?style=flat&logo=reddit,Agent DevKit / SDK
YaoApp/yao,7.5k,Go,api; agent; cli; golang; ai,✨ Build AI agents and web apps — with a single binary.,Updated yesterday,"# Yao — App Runtime for the AI Era  Yao is an open-source runtime for building AI agents and web applications — shipped as a single binary.  ![Mission Control](docs/mission-control.png)  **🏠 Homepage:** [https://yaoagents.com](https://yaoagents.com)  **📚 Docs:** [https://yaoagents.com/docs](https://yaoagents.com/docs)  **🖥️ Yao Desktop:** [https://yaoagents.com/download](https://yaoagents.com/download)  ---  ## How It Works  Think of Yao Agent as a **cage, not an animal**. What you put inside de",AI Agent (General)
smtg-ai/claude-squad,7.4k,Go,cli; opencode; codex; vibe-coding; claude-code,"Manage multiple AI terminal agents like Claude Code, Codex, OpenCode, and Amp.",Updated on Mar 28,"# Claude Squad [![CI](https://github.com/smtg-ai/claude-squad/actions/workflows/build.yml/badge.svg)](https://github.com/smtg-ai/claude-squad/actions/workflows/build.yml) [![GitHub Release](https://img.shields.io/github/v/release/smtg-ai/claude-squad)](https://github.com/smtg-ai/claude-squad/releases/latest)  [Claude Squad](https://smtg-ai.github.io/claude-squad/) is a terminal app that manages multiple [Claude Code](https://github.com/anthropics/claude-code), [Codex](https://github.com/openai/c",CLI / Terminal Tools
0xPlaygrounds/rig,7.2k,Rust,agent; rust; automation; ai; artificial-intelligence,⚙️🦀 Build modular and scalable LLM Applications in Rust,Updated yesterday,"<p align=""center""> <picture>     <source media=""(prefers-color-scheme: dark)"" srcset=""img/rig-rebranded-logo-white.svg"">     <source media=""(prefers-color-scheme: light)"" srcset=""img/rig-rebranded-logo-black.svg"">     <img src=""img/rig-rebranded-logo-white.svg"" style=""width: 40%; height: 40%;"" alt=""Rig logo""> </picture> <br> <br> <a href=""https://docs.rig.rs""><img src=""https://img.shields.io/badge/📖 docs-rig.rs-dca282.svg"" /></a> &nbsp; <a href=""https://docs.rs/rig/latest/rig/""><img src=""https:/",AI Agent (General)
hatchet-dev/hatchet,7.1k,Go,nodejs; python; golang; distributed-systems; typescript,"🪓 An orchestration engine for background tasks, AI agents, and durable workflows",Updated 20 hours ago,"<div align=""center""> <a href =""https://hatchet.run?utm_source=github&utm_campaign=readme""> <picture>   <source media=""(prefers-color-scheme: dark)"" srcset=""./assets/hatchet_logo_dark.svg"">   <img width=""200"" alt=""Hatchet Logo"" src=""./assets/hatchet_logo_light.svg""> </picture> </a>  ### An orchestration engine for background tasks, AI agents, and durable workflows  [![Docs](https://img.shields.io/badge/docs-docs.hatchet.run-3F16E4)](https://docs.hatchet.run) [![License: MIT](https://img.shields.i",Agent Orchestration / Workflow
katanemo/plano,6.4k,Rust,proxy; routing; gateway; prompt; proxy-server,"Plano is an AI-native proxy and data plane for agentic apps — with built-in orchestration, safety, observability, and smart LLM routing s…",Updated 2 days ago,"<div align=""center"">   <img src=""docs/source/_static/img/PlanoTagline.svg"" alt=""Plano Logo"" width=""75%"" height=auto> </div> <div align=""center"">   _The AI-native proxy server and data plane for agentic apps._<br><br>  Plano pulls out the rote plumbing work and decouples you from brittle framework abstractions, centralizing what shouldn’t be bespoke in every codebase - like agent routing and orchestration, rich agentic signals and traces for continuous improvement, guardrail filters for safety an",Agent Orchestration / Workflow
MaterializeInc/materialize,6.3k,Rust,mysql; rust; distributed-systems; streaming; sql,"The live data layer for apps and AI agents. Create up-to-the-second views into your business, just using SQL",Updated 4 hours ago,"[![Build status](https://badge.buildkite.com/97d6604e015bf633d1c2a12d166bb46f3b43a927d3952c999a.svg?branch=main)](https://buildkite.com/materialize/test) [![Doc reference](https://img.shields.io/badge/doc-reference-orange)](https://materialize.com/docs) [![Chat on Slack](https://img.shields.io/badge/chat-on%20slack-purple)](https://materialize.com/s/chat)  [<img src=""https://github.com/MaterializeInc/materialize/assets/23521087/39270ecb-7ac4-4829-b98b-c5b5699a16b8"" width=35%>](https://materializ",AI Agent (General)
superradcompany/microsandbox,6k,Rust,nodejs; windows; macos; linux; docker,"🧱 secure, local and programmable sandboxes for AI agents",Updated 22 hours ago,"<div align=""center"">     <a href=""./#gh-dark-mode-only"" target=""_blank"" align=""center"">         <img width=""35%"" src=""./assets/microsandbox-gh-banner-dark.png"" alt=""microsandbox-banner-xl-dark"">     </a> </div>  <div align=""center"">     <a href=""./#gh-light-mode-only"" target=""_blank"">         <img width=""35%"" src=""./assets/microsandbox-gh-banner-light.png"" alt=""microsandbox-banner-xl"">     </a> </div>  <br />  <div align=""center""><b>——&nbsp;&nbsp;&nbsp;every agent deserves its own computer&nbsp;",Agent Runtime / Sandbox
dmtrKovalenko/fff,5.9k,Rust,rust; lua; neovim; neovim-plugin; filesearch,"The fastest and the most accurate file search toolkit for AI agents, Neovim, Rust, C, and NodeJS",Updated yesterday,"<img alt=""FFF"" src=""./assets/logo-orange.png"" width=""300"">  <p>   <i>A file search toolkit for humans and AI agents. Really fast.</i> </p>  Typo-resistant path and content search, frecency-ranked file access, a background watcher, and a lightweight in-memory content index. Way faster than CLIs like ripgrep and fzf in any long-running process that searches more than once.  Originally started as [Neovim plugin](#neovim-plugin) people loved, but it turned out that plenty of AI harnesses and code ed",Memory / Knowledge / RAG
NVIDIA/OpenShell,5.7k,Rust,,"OpenShell is the safe, private runtime for autonomous AI agents.",Updated 4 hours ago,# NVIDIA OpenShell  [![License](https://img.shields.io/badge/License-Apache_2.0-blue)](https://github.com/NVIDIA/OpenShell/blob/main/LICENSE) [![PyPI](https://img.shields.io/badge/PyPI-openshell-orange?logo=pypi)](https://pypi.org/project/openshell/) [![Security Policy](https://img.shields.io/badge/Security-Report%20a%20Vulnerability-red)](SECURITY.md) [![Documentation](https://img.shields.io/badge/docs-latest-brightgreen)](https://docs.nvidia.com/openshell/latest/index.html) [![Project Status](,Agent Runtime / Sandbox
ghuntley/how-to-build-a-coding-agent,5.5k,Go,agent; tutorial; ai; workshop; cursor,"A workshop that teaches you how to build your own coding agent. Similar to Roo code, Cline, Amp, Cursor, Windsurf or OpenCode.",Updated 2 days ago,"# 🧠 Build Your Own Coding Agent via a Step-by-Step Workshop  Welcome! 👋 This workshop will guide you through building your own **AI-powered coding assistant** — starting from a basic chatbot, and adding powerful tools like file reading, shell command execution, and code searching.  You don’t need to be an AI expert. Just follow along and build step-by-step!  🌐 **Want a detailed overview?** Check out the blog post: [ghuntley.com/agent](https://ghuntley.com/agent/)  ---  ## 🎯 What You'll Learn  By",AI Agent (General)
rivet-dev/rivet,5.5k,Rust,rust; actors; serverless; multiplayer; realtime,"Rivet Actors are the primitive for stateful workloads. Built for AI agents, collaborative apps, and durable execution.",Updated 7 hours ago,"<div align=""center"">   <a href=""https://www.rivet.dev"">     <picture>       <source media=""(prefers-color-scheme: dark)"" srcset=""./.github/media/logo/icon-text-white.svg"" alt=""Rivet"">       <img src=""./.github/media/logo/icon-text-black.svg"" alt=""Rivet"" height=""75"">     </picture>   </a>   <br/>   <br/>   <h3>Rivet Actors are the primitive for stateful workloads.</h3>   <p>Built for AI agents, collaborative apps, and durable execution.</p>   <p>     <a href=""https://www.rivet.dev/docs"">Quickstar",AI Agent (General)
coze-dev/coze-loop,5.4k,Go,agent; open-source; playground; ai; monitoring,Next-generation AI Agent Optimization Platform: Cozeloop addresses challenges in AI agent development by providing full-lifecycle managem…,Updated 13 hours ago,"![Image](https://p9-arcosite.byteimg.com/tos-cn-i-goo7wpa0wc/11faa43b83754c089d2ec953306d3e63~tplv-goo7wpa0wc-image.image)  <div align=""center""> <a href=""#what-can-coze-loop-do"">Coze Loop</a> • <a href=""#feature-list"">Feature list</a> • <a href=""#quick-start"">Quick start</a> • <a href=""#developer-guide"">Developer guide</a> </p> <p>   <img alt=""License"" src=""https://img.shields.io/badge/license-apache2.0-blue.svg"">   <img alt=""Go Version"" src=""https://img.shields.io/badge/go-%3E%3D%201.24.0-blue""",Agent Orchestration / Workflow
1jehuang/jcode,5.3k,Rust,rust; cli; terminal; ai; mcp,Coding Agent Harness,Updated yesterday,"<div align=""center"">  # jcode  [![Latest Release](https://img.shields.io/github/v/release/1jehuang/jcode?style=flat-square)](https://github.com/1jehuang/jcode/releases) [![License](https://img.shields.io/github/license/1jehuang/jcode?style=flat-square)](LICENSE) [![Platforms](https://img.shields.io/badge/platforms-Linux%20%7C%20macOS%20%7C%20Windows-blue?style=flat-square)](https://github.com/1jehuang/jcode/releases) [![Commit Activity](https://img.shields.io/github/commit-activity/m/1jehuang/jc",AI Agent (General)
TencentCloud/CubeSandbox,5.2k,Rust,sandbox; container; agents,"Instant, Concurrent, Secure & Lightweight Sandbox for AI Agents.",Updated 15 hours ago,"<p align=""center"">   <img src=""docs/assets/cube-sandbox-logo.png"" alt=""Cube Sandbox Logo"" width=""140"" /> </p>  <h1 align=""center"">CubeSandbox</h1>  <p align=""center"">   <strong>Instant, Concurrent, Secure & Lightweight Sandbox Service for AI Agents</strong> </p>  <p align=""center"">   <a href=""https://github.com/tencentcloud/CubeSandbox/stargazers""><img src=""https://img.shields.io/github/stars/tencentcloud/cubesandbox?style=social"" alt=""GitHub Stars"" /></a>   <a href=""https://github.com/tencentcl",Agent Runtime / Sandbox
max-sixty/worktrunk,5k,Rust,git; developer-tools; agents; codex; worktrees,"Worktrunk is a CLI for Git worktree management, designed for parallel AI agent workflows",Updated 1 minute ago,"<!-- markdownlint-disable MD033 -->  <h1><img src=""docs/static/logo.png"" alt=""Worktrunk logo"" width=""50"" align=""absmiddle"">&nbsp;&nbsp;Worktrunk</h1>  [![Docs](https://img.shields.io/badge/docs-worktrunk.dev-blue?style=for-the-badge&logo=gitbook)](https://worktrunk.dev) [![Crates.io](https://img.shields.io/crates/v/worktrunk?style=for-the-badge&logo=rust)](https://crates.io/crates/worktrunk) [![License: MIT OR Apache-2.0](https://img.shields.io/badge/license-MIT%20OR%20Apache--2.0-blue?style=for",AI Agent (General)
53AI/53AIHub,4.9k,Go,go; mcp; prompt; openai; dify,"53AI Hub is an open-source AI portal, which enables you to quickly build a operational-level AI portal to launch and operate AI agents, p…",Updated on Mar 3,"<div align=""center"">   <a href=""https://www.53ai.com/products/53AIHub""><img alt=""Product Introduction Page"" src=""https://oss.ibos.cn/53ai/common/53AIHub_banner.png""></a> </div>  <div align=""center""> <a href=""./README.md""><img alt=""README in English"" src=""https://img.shields.io/badge/English-d9d9d9""></a> <a href=""./README_CN.md""><img alt=""Simplified Chinese README"" src=""https://img.shields.io/badge/简体中文-d9d9d9""></a> <a href=""./README_JA.md""><img alt=""Japanese README"" src=""https://img.shields.io/b",AI Agent (General)
the-open-agent/openagent,4.6k,Go,agent; mcp; chatbot; agi; multi-agent,"⚡️next-generation personal AI assistant powered by LLM, RAG and agent loops, supporting computer-use, browser-use and coding agent, demo: h…",Updated 3 hours ago,"<div align=""center"">  <img src=""https://raw.githubusercontent.com/the-open-agent/static/master/img/openagent-logo_1600x276.png"" alt=""OpenAgent Logo"" width=""400"">  <h1>OpenAgent</h1>  <p><strong>Next-generation personal AI assistant powered by LLM, RAG and agent loops</strong><br> <em>Supporting computer-use, browser-use and coding agent</em></p>  <p>   <a href=""https://github.com/the-open-agent/openagent/actions/workflows/build.yml"">     <img alt=""Build"" src=""https://github.com/the-open-agent/op",Agent Orchestration / Workflow
entireio/cli,4.3k,Go,ai; gemini; developer; agents; claude,"📜 Entire CLI hooks into your Git workflow to capture AI agent sessions as you work. Sessions are indexed alongside commits, creating a se…",Updated 35 minutes ago,"# Entire CLI  Entire hooks into your Git workflow to capture AI agent sessions as you work. Sessions are indexed alongside commits, creating a searchable record of how code was written in your repo.  With Entire, you can:  - **Understand why code changed** — see the full prompt/response transcript and files touched - **Recover instantly** — rewind to a known-good checkpoint when an agent goes sideways and resume seamlessly - **Keep Git history clean** — preserve agent context on a separate branc",CLI / Terminal Tools
looplj/axonhub,3.7k,Go,agent; ai; api-gateway; opencode; openai,"⚡️ Open-source AI Gateway — Use any SDK to call 100+ LLMs. Built-in failover, load balancing, cost control & end-to-end tracing.",Updated 9 hours ago,"<div align=""center"">  # AxonHub - All-in-one AI Development Platform ### Use any SDK. Access any model. Zero code changes.  <a href=""https://trendshift.io/repositories/16225"" target=""_blank""><img src=""https://trendshift.io/api/badge/repositories/16225"" alt=""looplj%2Faxonhub | Trendshift"" style=""width: 250px; height: 55px;"" width=""250"" height=""55""/></a>  </div>  <div align=""center"">  [![Test Status](https://github.com/looplj/axonhub/actions/workflows/test.yml/badge.svg)](https://github.com/looplj",Agent DevKit / SDK
smallcloudai/refact,3.5k,Rust,open-source; enterprise; vscode; self-hosted; developer-tools,"AI Agent that handles engineering tasks end-to-end: integrates with developers’ tools, plans, executes, and iterates until it achieves a …",Updated 4 days ago,"<a name=""readme-top""></a>  <div align=""center"">   <picture>     <source media=""(prefers-color-scheme: dark)"" srcset=""https://docs.refact.ai/_astro/logo-dark.CCzD55EA.svg"">     <source media=""(prefers-color-scheme: light)"" srcset=""https://docs.refact.ai/_astro/logo-light.CblxRz3x.svg"">     <img alt=""Refact logo"" src=""https://docs.refact.ai/_astro/logo-dark.CCzD55EA.svg"" width=""200"">   </picture>   <h1 align=""center"">Refact</h1>   <p align=""center"">Open-source, local-first AI coding assistant for",AI Agent (General)
golutra/golutra,3.4k,Rust,desktop-app; agent; productivity; automation; ai,"Multi-agent AI orchestration platform for automation, workflows, and developer tools. Golutra transforms Codex, Claude Code, and OpenClaw…",Updated 2 days ago,"# golutra  **使用赛博监工系统，指挥你的 AI 牛马。**   **Use Cyberpunk Overseer System: Command your AI workforce.**  ---  <p align=""center"">   <a href=""https://www.golutra.com/"" target=""_blank"" rel=""noopener noreferrer"">     <img width=""100"" src=""./src-tauri/icons/icon.png"" alt=""golutra logo"" />   </a> </p>  <p align=""center"">   <a href=""https://github.com/golutra/golutra/releases""><img src=""https://img.shields.io/github/v/release/golutra/golutra?label=release"" alt=""release""></a>   <a href=""https://www.golutra.",Security / Pentesting
Gentleman-Programming/engram,3.4k,Go,,"Persistent memory system for AI coding agents. Agent-agnostic Go binary with SQLite + FTS5, MCP server, HTTP API, CLI, and TUI.",Updated yesterday,"<p align=""center"">   <img width=""1024"" alt=""Engram — One Brain. Local or Cloud."" src=""assets/branding/engram-banner.png"" /> </p>  <p align=""center"">   <strong>Persistent memory for AI coding agents</strong><br>   <em>One brain. Local or cloud. Agent-agnostic, single binary, zero dependencies.</em> </p>  <p align=""center"">   <a href=""docs/INSTALLATION.md"">Installation</a> &bull;   <a href=""docs/engram-cloud/README.md"">Engram Cloud</a> &bull;   <a href=""docs/AGENT-SETUP.md"">Agent Setup</a> &bull;",MCP / Tools Protocol
nextlevelbuilder/goclaw,3.1k,Go,golang; telegram-bot; mcp; websocket; chatbot,"GoClaw - GoClaw is OpenClaw rebuilt in Go — with multi-tenant isolation, 5-layer security, and native concurrency. Deploy AI agent teams …",Updated yesterday,"<p align=""center"">   <img src=""_statics/goclaw-logo.svg"" alt=""GoClaw"" height=""200"" /> </p>  <p align=""center""><strong>Multi-Tenant AI Agent Platform</strong></p>  <p align=""center""> Multi-agent AI gateway built in Go. 20+ LLM providers. 7 channels. Multi-tenant PostgreSQL.<br/> Single binary. Production-tested. Agents that orchestrate for you. </p>  <p align=""center"">   <a href=""https://docs.goclaw.sh"">Documentation</a> •   <a href=""https://docs.goclaw.sh/#quick-start"">Quick Start</a> •   <a hre",Data Integration / Pipelines
spiceai/spiceai,2.9k,Rust,infrastructure; data; machine-learning; sql; artificial-intelligence,"A portable accelerated SQL query, search, and LLM-inference engine, written in Rust, for data-grounded AI apps and agents.",Updated 4 hours ago,"<p align=""center"">   <img src=""https://github.com/user-attachments/assets/13ff4c9d-d6a7-4c20-9408-45573c508c41"" alt=""spice oss logo"" width=""600""/> </p> <div align=""center"">  [![CodeQL](https://github.com/spiceai/spiceai/actions/workflows/codeql-analysis.yml/badge.svg?branch=trunk&event=push)](https://github.com/spiceai/spiceai/actions/workflows/codeql-analysis.yml?query=branch%3Atrunk+event%3Apush) [![License: Apache-2.0](https://img.shields.io/badge/License-Apache_2.0-blue.svg)](https://opensou",Database / Data Warehouse
docker/docker-agent,2.9k,Go,ai; agents,AI Agent Builder and Runtime by Docker Engineering,Updated 14 hours ago,"# 🤖 Docker Agent 🤖  > Build, run, and share AI agents with a declarative YAML config, rich tool ecosystem, and multi-agent orchestration.  ![docker agent in action](docs/demo.gif)  ## What is Docker Agent?  `docker-agent` lets you create and run intelligent AI agents that collaborate to solve complex problems — no code required.  `docker-agent` is a `docker` CLI plugin and can be run with `docker agent`.  Define agents in YAML, give them tools, and let them work.  ```yaml agents:   root:     mod",Agent Orchestration / Workflow
rivet-dev/agent-os,2.9k,Rust,javascript; agent; ai; v8; sandbox,"A portable open-source operating system for agents. ~6 ms coldstarts, 32x cheaper than sandboxes. Powered by WebAssembly and V8 isolates.",Updated 10 days ago,"<p align=""center"">   <img src="".github/media/banner.png"" alt=""agentOS"" /> </p>  <p align=""center"">   A portable open-source operating system for AI agents.<br/>Near-zero cold starts (~6 ms), up to 32x cheaper than sandboxes.<br/>Powered by WebAssembly and V8 isolates.<br/><br/>Supports Pi, Claude Code*, Codex*, Amp*, and OpenCode*<br/><sub>* coming soon</sub> </p>  <p align=""center"">   <a href=""https://rivet.dev/docs/agent-os"">Documentation</a> | <a href=""https://rivet.dev/docs/agent-os/quicksta",Agent Runtime / Sandbox
mikeyobrien/ralph-orchestrator,2.8k,Rust,ai; opencode; development-workflow; development-tools; ai-agents,An improved implementation of the Ralph Wiggum technique for autonomous AI agent orchestration,Updated yesterday,<!-- 2026-01-28 --> # Ralph Orchestrator  [![License](https://img.shields.io/badge/license-MIT-blue)](LICENSE) [![Rust](https://img.shields.io/badge/rust-1.75+-orange)](https://www.rust-lang.org/) [![Build](https://img.shields.io/github/actions/workflow/status/mikeyobrien/ralph-orchestrator/ci.yml?branch=main&label=CI)](https://github.com/mikeyobrien/ralph-orchestrator/actions) [![Coverage](https://img.shields.io/endpoint?url=https://mikeyobrien.github.io/ralph-orchestrator/badges/coverage.json),Agent Orchestration / Workflow
VibiumDev/vibium,2.8k,Go,,Browser automation for AI agents and humans,Updated 2 days ago,# Vibium  [![npm](https://img.shields.io/npm/v/vibium)](https://www.npmjs.com/package/vibium) [![PyPI](https://img.shields.io/pypi/v/vibium)](https://pypi.org/project/vibium/) [![Maven Central](https://img.shields.io/maven-central/v/com.vibium/vibium)](https://central.sonatype.com/artifact/com.vibium/vibium) [![License](https://img.shields.io/badge/license-Apache%202.0-blue)](LICENSE)  **Browser automation for AI agents and humans.**  Vibium gives AI agents a browser. Install the `vibium` skill,Browser / Web Automation
kagent-dev/kagent,2.7k,Go,devops; ai; mcp; cncf; agents,Cloud Native Agentic AI | Discord: https://bit.ly/kagentdiscord,Updated yesterday,,AI Agent (General)
agentgateway/agentgateway,2.7k,Rust,kubernetes; rust; ai; api-gateway; mcp,Next Generation Agentic Proxy for AI Agents and MCP servers,Updated yesterday,,MCP / Tools Protocol
rilldata/rill,2.6k,Go,golang; data; bi; csv; sql,The fastest business intelligence tool for humans and agents.,Updated yesterday,,Database / Data Warehouse
UnicomAI/wanwu,2.5k,Go,agent; golang; workflow; development; ai,"China Unicom's Yuanjing Wanwu Agent Platform is an enterprise-grade, multi-tenant AI agent development platform. It helps users build app…",Updated 12 hours ago,,AI Agent (General)
asheshgoplani/agent-deck,2.4k,Go,tmux; cli; golang; productivity; terminal,"Terminal session manager for AI coding agents. One TUI for Claude, Gemini, OpenCode, Codex, and more.",Updated 1 hour ago,,CLI / Terminal Tools
zerobootdev/zeroboot,2.3k,Rust,rust; vm; virtual-machine; sandbox; kvm,Sub-millisecond VM sandboxes for AI agents via copy-on-write forking,Updated on Mar 21,,AI Agent (General)
sheeki03/tirith,2.3k,Rust,shell; rust; cli; security; unicode,"Terminal security for developers and AI agents. Intercepts homograph URLs, pipe-to-shell, ANSI injection, obfuscated payloads, data exfil…",Updated 16 hours ago,,AI Agent (General)
sentrux/sentrux,2.3k,Rust,visualization; rust; mcp; architecture; static-analysis,"Real-time architectural sensor that helps AI agents close the feedback loop, enabling recursive self-improvement of code quality. Pure Rust.",Updated on Mar 18,,AI Agent (General)
spacedriveapp/spacebot,2.2k,Rust,agent; enterprise; automation; ai; messaging,"An AI agent for teams, communities, and multi-user environments.",Updated 1 hour ago,,AI Agent (General)
kubernetes-sigs/agent-sandbox,2.1k,Go,,"agent-sandbox enables easy management of isolated, stateful, singleton workloads, ideal for use cases like AI agent runtimes.",Updated 2 days ago,,AI Agent (General)
graykode/abtop,2k,Rust,rust; cli; terminal; monitor; tui,"Like htop, but for AI coding agents. Monitor Claude Code & Codex CLI sessions, tokens, context window, rate limits, and ports in real-time.",Updated 13 hours ago,,CLI / Terminal Tools
AgentsMesh/AgentsMesh,2k,Go,self-hosted; multi-agent; ai-agent; aider; gemini-cli,The AI Agent Workforce Platform — where teams scale beyond headcount. Give every team member an AI agent squad.,Updated 5 hours ago,,AI Agent (General)
aws/amazon-q-developer-cli,1.9k,Rust,macos; linux; shell; agent; rust,✨ Agentic chat experience in your terminal. Build applications using natural language.,Updated 9 days ago,,AI Agent (General)
vercel-labs/opensrc,1.9k,Rust,nodejs; cli; npm; typescript; ai,Fetch source code for npm packages to give AI coding agents deeper context,Updated 8 days ago,,AI Agent (General)
WecomTeam/wecom-cli,1.9k,Rust,,企业微信开放平台命令行工具 — 让人类和 AI Agent 都能在终端中操作企业微信,Updated yesterday,,AI Agent (General)
yomorun/yomo,1.9k,Rust,serverless; mcp; realtime; stream-processing; openai,🦖 Serverless AI Agent Framework with Geo-distributed Edge AI Infra.,Updated 2 days ago,,AI Agent (General)
matrixorigin/matrixone,1.8k,Go,go; distributed-systems; sql; database; memory,"AI-native HTAP database with Git-for-Data and built-in vector search, serving as the data and memory backbone for intelligent agents and …",Updated 8 hours ago,,Database / Data Warehouse
Kocoro-lab/Shannon,1.8k,Go,agent; ai; multi-agent-systems,A production-oriented multi-agent orchestration framework.,Updated 8 days ago,,Agent Orchestration / Workflow
mudler/LocalAGI,1.8k,Go,,"LocalAGI is a powerful, self-hostable AI Agent platform designed for maximum privacy and flexibility. A complete drop-in replacement for …",Updated yesterday,,AI Agent (General)
yologdev/yoyo-evolve,1.7k,Rust,,A Truman Show of a self-evolving AI coding agent. It writes its own code. Growing up in public.,Updated 1 hour ago,,AI Agent (General)
DingTalk-Real-AI/dingtalk-workspace-cli,1.7k,Go,,DingTalk Workspace is an officially open-sourced cross-platform CLI tool from DingTalk. It unifies DingTalk’s full suite of product capab…,Updated 10 hours ago,,CLI / Terminal Tools
Agent-Field/agentfield,1.7k,Go,python; go; agent; kubernetes; typescript,"Build, run and scale AI agents like API and microservices - observable,auditable and identity-aware from day one.",Updated 7 hours ago,,AI Agent (General)
memohai/Memoh,1.6k,Go,agent; ai; personal-assistant; ai-memory; ai-companion,"✨ Self hosted, always-on AI agent platform run in containers. Create multiple bots with long memory, and connect them to Telegram, Discor…",Updated 7 hours ago,,AI Agent (General)
samber/cc-skills-golang,1.6k,Go,plugin; agent; ai; code; skills,🧑‍🎨 A collection of Golang agentic skills that works,Updated 2 days ago,,AI Agent (General)
actionbook/actionbook,1.5k,Rust,rust; skills; browser-automation; ai-agents,Let your AI agent use your browser. Actionbook makes it actually work.,Updated 8 hours ago,,AI Agent (General)
mediar-ai/terminator,1.4k,Rust,agent; rust; ai; native; ml,playwright for windows computer use,Updated 17 days ago,,Browser / Web Automation
nixopus/nixopus,1.4k,Go,heroku; infrastructure; golang; typescript; terminal,Run production apps without thinking about infrastructure. On your server or ours. Fully agentic.,Updated 17 hours ago,,AI Agent (General)
limecloud/lime,1.4k,Rust,desktop-app; agent; workflow; ai; skills,"AI content workspace for Chinese creators: desktop writing, research, prompt library, knowledge base, and multi-model workflows.",Updated 3 hours ago,,Memory / Knowledge / RAG
ThousandBirdsInc/chidori,1.3k,Rust,debugging; framework; ai; orchestration; agents,A reactive runtime for building durable AI agents,Updated 9 days ago,,Agent Orchestration / Workflow
browserwing/browserwing,1.3k,Go,react; golang; llm; aibrowser,"BrowserWing turns your browser actions into MCP commands Or Claude Skill, allowing AI agents to control browsers efficiently and reliably…",Updated yesterday,,AI Agent (General)
xingkongliang/skills-manager,1.3k,Rust,,"A lightweight desktop app to manage, sync, and organize AI agent skills across 15+ coding tools — Cursor, Claude Code, Codex, Copilot, an…",Updated 10 hours ago,,AI Agent (General)
specstoryai/getspecstory,1.2k,Go,ai; vscode; vscode-extension; copilot; codex,Install our local first extensions for your favorite AI IDE or Terminal Agent. Sync your conversations to the cloud. File issues and requ…,Updated 2 days ago,,CLI / Terminal Tools
run-bigpig/jcp,1.2k,Go,,韭菜盘 (JCP AI) - AI 驱动的智能A股分析系统，基于 Wails + Go + React，支持多 Agent 协作分析,Updated on Apr 9,,AI Agent (General)
trpc-group/trpc-agent-go,1.2k,Go,agent; ai; mcp; a2a; llm,trpc-agent-go is a powerful Go framework for building intelligent agent systems using large language models (LLMs) and tools.,Updated 13 hours ago,,Agent DevKit / SDK
mvanhorn/cli-printing-press,1.1k,Go,cli; golang; openapi; developer-tools; ai-agents,"Every API has a secret identity. This finds it, absorbs every feature from every competing tool, then builds the GOAT CLI — designed for AI",Updated 8 minutes ago,,CLI / Terminal Tools
localgpt-app/localgpt,1.1k,Rust,agent; rust; world; ai; bevy,"Local AI assistant, dreaming explorable worlds.",Updated 2 days ago,,AI Agent (General)
Armur-Ai/Pentest-Swarm-AI,1.1k,Go,cybersecurity; penetration-testing; bug-bounty; offensive-security; ai-agents,"Autonomous penetration testing using a swarm of AI agents. Orchestrates recon, classification, exploitation, and reporting specialists wi…",Updated 2 days ago,,Security / Pentesting
iwe-org/iwe,1k,Rust,markdown; rust; cli; productivity; ai,Markdown memory system for you and your AI agent,Updated 4 days ago,,AI Agent (General)
Infisical/agent-vault,1k,Go,agents; ai-agents; secrets-management,A HTTP credential proxy and vault for AI agents,Updated 3 hours ago,,AI Agent (General)
golemcloud/golem,990,Rust,distributed-systems; ai; serverless; fault-tolerance; wasm,"Golem Cloud is the agent-native platform for building AI agents and distributed applications that never lose state, never duplicate work,…",Updated 5 hours ago,,AI Agent (General)
modu-ai/moai-adk,990,Go,tdd; ddd; multi-agent; developer-tools; code-quality,"SPEC-First Agentic Development Kit for Claude Code — 24 AI agents + 52 skills with TDD/DDD quality gates, 16-language projects, 4-languag…",Updated 3 hours ago,,AI Agent (General)
sopaco/deepwiki-rs,964,Rust,rust; wiki; openai; mistral; claude,Turn code into clarity. Generate accurate technical docs and AI-ready context in minutes—perfectly structured for human teams and intelli…,Updated 7 days ago,,AI Agent (General)
Mesh-LLM/mesh-llm,941,Rust,ai; decentralized; distributed; agents; llm,Distributed AI/LLM for the people. Share compute privately or publicly to power your agents and chat.,Updated 38 seconds ago,,AI Agent (General)
kaplanelad/shellfirm,904,Rust,shell; agent; rust; zsh; devops,Safety guardrails for ai coding agents and human terminal commands,Updated 2 days ago,,CLI / Terminal Tools
qufei1993/skills-hub,900,Rust,,A cross-platform desktop app to manage Agent Skills in one place and sync them to multiple AI coding tools’ global skills directories — “…,Updated 21 hours ago,,AI Agent (General)
Dicklesworthstone/pi_agent_rust,871,Rust,rust; cli; developer-tools; ai-agents,High-performance AI coding agent CLI written in Rust with zero unsafe code,Updated 12 minutes ago,,CLI / Terminal Tools
thClaws/thClaws,860,Rust,rust; ai; ai-agents; multi-provider; tauri,"Open-source agent harness platform. Native Rust, multi-provider, runs on your own machine. Sovereign by design.",Updated 14 hours ago,,AI Agent (General)
vkhanhqui/figma-mcp-go,815,Go,agent; design; automation; ai; mcp,"Figma MCP for free users — no rate limits, full read/write, text to designs, designs to code",Updated 9 days ago,,MCP / Tools Protocol
kernel/kernel-images,806,Go,docker; infrastructure; vm; browser; ai,Browsers-as-a-service for automations and web agents,Updated yesterday,,Browser / Web Automation
jrswab/axe,804,Go,cli; golang; automation; command-line; developer-tools,"A lightweight cli for running single-purpose AI agents. Define focused agents in TOML, trigger them from anywhere; pipes, git hooks, cron…",Updated yesterday,,AI Agent (General)
vllora/vllora,798,Rust,router; azure; tracing; gemini; rust-lang,Debug your AI agents,Updated 3 days ago,,AI Agent (General)
helixml/helix,773,Go,api; golang; helm; swagger; openapi,"♾️ Private Agent Fleet with Spec Coding. Each agent gets their own GPU-accelerated desktop. Run Claude, Codex, Gemini and open models on …",Updated 15 hours ago,,AI Agent (General)
go-kratos/blades,766,Go,agent; golang; workflow; ai; multi-agent,Blades is a Go-based multimodal AI Agent framework.,Updated 10 hours ago,,AI Agent (General)
DataDog/pup,759,Rust,cli; client; datadog; observability,Give your AI agent a Pup — a CLI companion with 200+ commands across 33+ Datadog products.,Updated 5 hours ago,,AI Agent (General)
charmbracelet/fantasy,746,Go,,"Build AI agents with Go. Multiple providers, multiple models, one API. 🧙",Updated yesterday,,AI Agent (General)
adolfousier/opencrabs,732,Rust,open-source; orchestration-framework; harness; self-learning; self-healing,The self-improving all channels AI agent. Self-healing. Fully autonomous. Single Rust binary.,Updated 2 days ago,,Agent Orchestration / Workflow
superhq-ai/shuru,724,Rust,,A local-first microVM sandbox for running AI agents safely on macOS & Linux,Updated 15 days ago,,Agent Runtime / Sandbox
bosun-ai/swiftide,693,Rust,rust; data; ai; ml; indexing,"Fast, streaming indexing, query, and agentic LLM applications in Rust",Updated yesterday,,AI Agent (General)
microclaw/microclaw,691,Rust,bot; rust; openclaw; nanoclaw,"🦀An agentic AI assistant that lives in your chats, inspired by nanoclaw and incorporating some of its design ideas. Built with Rust 🦀",Updated 4 days ago,,AI Agent (General)
kweaver-ai/kweaver-core,688,Go,ontology; agents; harness; knowledge-network; decision-intelligence,"KWeaver Core is a harness-first foundation for enterprise decision agents. It turns fragmented data, knowledge, tools, and policies into …",Updated 2 hours ago,,Memory / Knowledge / RAG
alash3al/stash,674,Go,ai; memory; ai-agents; ai-memory,"Stash — persistent memory layer for AI agents. Episodes, facts, and working context stored in Postgres. MCP server included. Self-hosted,…",Updated 8 days ago,,MCP / Tools Protocol
ogulcancelik/herdr,659,Rust,agent; rust; tmux; cli; terminal,agent multiplexer that lives in your terminal.,Updated 2 hours ago,,CLI / Terminal Tools
AnalyseDeCircuit/oxideterm,653,Rust,react; agent; rust; typescript; terminal,"Local-first SSH workspace for local shells and remote machines — SSH, SFTP, trzsz, port forwarding, lightweight remote editing, file mana…",Updated 5 hours ago,,AI Agent (General)
eastreams/loong,636,Rust,agent; rust; framework; ai; assistant,"Lightweight, clear, and fully extensible AI agent infrastructure — learn easily, customize anything 🐉",Updated 8 hours ago,,AI Agent (General)
suitedaces/computer-agent,634,Rust,react; rust; gui; typescript; ai,"Desktop app to control your computer with AI using your terminal, browser, mouse & keyboard",Updated on Jan 9,,CLI / Terminal Tools
cisco-ai-defense/defenseclaw,626,Go,,Security Governance for Agentic AI,Updated 13 hours ago,,AI Agent (General)
klawsh/klaw.sh,624,Go,orchestration; agents; ai-agents,kubectl for AI Agents,Updated on Mar 30,,Agent Orchestration / Workflow
liquidos-ai/AutoAgents,623,Rust,ai; agents; ai-agents; llm; ai-agents-framework,"A multi-agent framework written in Rust that enables you to build, deploy, and coordinate multiple intelligent agents",Updated 4 days ago,,AI Agent (General)
crabtalk/crabtalk,618,Rust,ai; composable; developer-tool; agent-framework; ai-agent,Agents daemon that hides nothing,Updated 13 hours ago,,AI Agent (General)
rapidaai/voice-ai,615,Go,golang; open-source; text-to-speech; sip; orchestration,"Rapida is an open-source, end-to-end voice AI orchestration platform for building real-time conversational voice agents with audio stream…",Updated 7 hours ago,,Agent Orchestration / Workflow
Ai00-X/ai00_server,612,Rust,ai; embed; openai; rag; openai-api,"The all-in-one RWKV runtime box with embed, RAG, AI agents, and more.",Updated on Feb 22,,AI Agent (General)
Compresr-ai/Context-Gateway,599,Go,,Context Gateway is an agentic proxy that enhances any AI agent workflow with instant history compaction and context optimization tools,Updated 25 days ago,,AI Agent (General)
lahfir/agent-desktop,593,Rust,macos; rust; cli; automation; accessibility,Native desktop automation CLI for AI agents. Control any application through OS accessibility trees with structured JSON output and deter…,Updated 5 days ago,,AI Agent (General)
luckyPipewrench/pipelock,574,Go,golang; security; mcp; dlp; ssrf,"Open-source AI agent firewall for MCP security: agent egress control, DLP, SSRF, and prompt injection defense.",Updated 5 hours ago,,AI Agent (General)
jingkaihe/matchlock,570,Go,,Matchlock secures AI agent workloads with a Linux-based sandbox.,Updated 7 days ago,,AI Agent (General)
Ingenimax/agent-sdk-go,568,Go,golang; framework; agents; agentic-ai,A powerful Go framework for building production-ready AI agents!,Updated 7 days ago,,Agent DevKit / SDK
onflow/flow-go,568,Go,go; golang; flow; distributed-systems; smart-contracts,"Reference implementation of the Flow network in Go. Layer 1 proof-of-stake protocol built for consumer apps, AI Agents, and DeFi at scale",Updated 12 hours ago,,AI Agent (General)
second-state/echokit_server,566,Rust,ai; mcp; esp32; voice; tts,Open Source Voice Agent Platform,Updated on Feb 15,,Security / Pentesting
strongdm/leash,556,Go,security; ai; sandbox; container; agentic,Leash by StrongDM - take your AI agents for a walk,Updated on Apr 6,,AI Agent (General)
marmotdata/marmot,551,Go,metadata; mcp; bigdata; data-catalog; data-discovery,"The open-source context layer for your AI. Catalog your tables, topics, queues and APIs then expose real metadata to your AI agents.",Updated 10 hours ago,,AI Agent (General)
matlab/matlab-mcp-core-server,536,Go,matlab; engineering-tools; mcp-server; mcp-tools; matlab-mcp-server,Run MATLAB® using AI applications with the official MATLAB MCP Server from MathWorks®. This MCP server for MATLAB supports a wide range o…,Updated 9 days ago,,MCP / Tools Protocol
InfinitiBit/graphbit,535,Rust,python; rust; ai; multi-agent-systems; ai-agents,"GraphBit is the world’s first enterprise-grade Agentic AI framework, built on a Rust core with a Python wrapper for unmatched speed, secu…",Updated 11 days ago,,AI Agent (General)
samvallad33/vestige,526,Rust,rust; threejs; sqlite; mcp; vscode,"Cognitive memory for AI agents — FSRS-6 spaced repetition, 29 brain modules, 3D dashboard, single 22MB Rust binary. MCP server for Claude…",Updated 3 days ago,,MCP / Tools Protocol
Light-Heart-Labs/DreamServer,513,Rust,docker; text-to-speech; amd; self-hosted; nvidia,"Local AI anywhere, for everyone — LLM inference, chat UI, voice, agents, workflows, RAG, and image generation. No cloud, no subscriptions.",Updated 2 days ago,,Memory / Knowledge / RAG
wandb/catnip,479,Go,cli; golang; typescript; ai; ios-swift,"Like catnip, a highly addictive agentic coding tool",Updated on Mar 4,,AI Agent (General)
sympozium-ai/sympozium,477,Go,agentic; agentic-ai,The Coordination Layer for Multi-Agent AI,Updated 10 hours ago,,AI Agent (General)
cordum-io/cordum,473,Go,devops; mcp; workflow-engine; nats; control-plane,"The open agent control plane. Govern autonomous AI agents with pre-execution policy enforcement, approval gates, and audit trails. Works …",Updated 54 minutes ago,,AI Agent (General)
bytedance/vArmor,472,Go,kubernetes; security; containers; sandbox; policy,vArmor is a cloud-native container hardening system that leverages AppArmor/BPF/Seccomp and network proxy technologies to enforce access …,Updated yesterday,,Infrastructure / DevOps
mynaparrot/plugNmeet-server,459,Go,ai; communication; webrtc; video-conferencing; webrtc-call,"The open-source, self-hosted video conferencing software. Scalable, customizable, and with a powerful AI Meeting Agent.",Updated 9 hours ago,,AI Agent (General)
sxhxliang/agent-studio,449,Rust,,"AgentX is a GPU-accelerated, cross-platform desktop application that brings AI agents to your workflow. 跨平台、原生 Agent 桌面。",Updated on Mar 14,,AI Agent (General)
eat-pray-ai/yutu,449,Go,windows; macos; linux; bot; agent,The AI-powered toolkit that grows your YouTube channel on autopilot.,Updated 4 days ago,,Agent DevKit / SDK
xiaods/k8e,444,Go,kubernetes; sandbox; k8s,k8e.sh - OpenSource Agentic AI Sandbox Matrix,Updated on Apr 5,,AI Agent (General)
VersusControl/versus-incident,436,Go,slack; golang; aws; devops; alert,"An incident management tool supporting multi-channel alerting, customizable messages, on-call integrations, and the built-in AI SRE Agent.…",Updated yesterday,,Data Integration / Pipelines
BakeLens/crust,433,Go,security; agentic,🌟 Open Source AI Agent Security Infrastructure — intercepts and blocks dangerous agent behaviors before they happen. Just one command! Jo…,Updated 5 days ago,,AI Agent (General)
mudrii/openclaw-dashboard,432,Go,python; monitoring; dashboard; zero-dependency; ai-agents,"A beautiful, zero-dependency command center for OpenClaw AI agents",Updated 10 days ago,,AI Agent (General)
neiii/bridle,423,Rust,rust; cli; terminal; ai; mcp,"TUI / CLI config manager for agentic harnesses (Amp, Claude Code, Opencode, Goose, Copilot CLI, Crush, Droid)",Updated 7 days ago,,AI Agent (General)
shiwenwen/hope-agent,420,Rust,desktop-app; agent; ai; mcp; chatbot,🦭跨端交接、越用越懂你的桌面 AI 助手——也能服务化常驻、跑在云上 | Desktop AI that hands off across your devices and gets to know you better — also runs headless on a …,Updated 7 hours ago,,AI Agent (General)
Th0rgal/sandboxed.sh,420,Rust,mcp; opencode; self-hosted; orchestration; developer-tools,"Self-hosted orchestrator for AI autonomous agents. Run Claude Code & Open Code in isolated linux workspaces. Manage your skills, configs …",Updated 14 hours ago,,Agent Orchestration / Workflow
ldclabs/anda,419,Rust,agent; agi; autonomous; decentralize,🤖 An AI agent framework built with Rust.,Updated 21 hours ago,,AI Agent (General)
cloudshipai/station,419,Go,go; golang; platform; devops; oss,Station is our open-source runtime that lets teams deploy agents on their own infrastructure with full control.,Updated on Jan 27,,AI Agent (General)
reyamira/models,416,Rust,rust; status; ai; models; opencode,"TUI and CLI for browsing AI models, benchmarks, coding agents, and statuses for AI providers.",Updated 21 minutes ago,,CLI / Terminal Tools
jfernandez/mdserve,402,Rust,,Markdown preview server for AI coding agents.,Updated 25 days ago,,AI Agent (General)
nowledge-co/con-terminal,397,Rust,agent; rust; workflow; terminal; skills,The Native Terminal Emulator with a builtin AI Harness,Updated 13 hours ago,,CLI / Terminal Tools
akitaonrails/ai-jail,382,Rust,,"Multi-OS sandbox to run AI agents with better constraints (it is not 100% secure, but enough)",Updated 10 days ago,,AI Agent (General)
baby-llm/baby-agent,367,Go,agent; ai; llm; harness-engineering,AI agent tutorials for backend developers without AI background. 适合后端工程师的零基础 AI Agent 教程,Updated 22 days ago,,AI Agent (General)
onflow/flow,359,Go,go; golang; flow; protocol; smart-contracts,"Flow is a Layer 1 proof-of-stake blockchain built for consumer applications, AI Agents, and DeFi at scale. Repo hub for the Flow network",Updated yesterday,,AI Agent (General)
angelnicolasc/graymatter,358,Go,go; cli; offline-first; self-hosted; persistent-memory,Three lines of code to give your AI agents persistent memory. Reduce 90% token consumption while also maintaining quality.,Updated 9 days ago,,AI Agent (General)
hookdeck/hookdeck-cli,355,Go,cli; webhooks; mcp; localtunnel; ngrok-alternative,"CLI for Hookdeck: forward webhooks to localhost (ngrok alternative), manage and query Event Gateway resources (sources, connections, dest…",Updated yesterday,,CLI / Terminal Tools
openclaw-rocks/openclaw-operator,353,Go,kubernetes; golang; ai; helm; operator,"Kubernetes operator for deploying and managing OpenClaw AI agent instances with production-grade security, observability, and lifecycle m…",Updated 14 hours ago,,AI Agent (General)
graniet/llm,342,Rust,,"A powerful Rust library and CLI tool to unify and orchestrate multiple LLM, Agent and voice backends (OpenAI, Claude, Gemini, Ollama, Ele…",Updated 4 days ago,,Agent Orchestration / Workflow
gojue/moling,336,Go,agent; ai; mcp; ai-assistant; ai-agent,"MoLing is a computer-use and browser-use based MCP server. It is a locally deployed, dependency-free office AI assistant.",Updated on Mar 15,,MCP / Tools Protocol
dollspace-gay/chainlink,332,Rust,rust; cli; issue-tracker; developer-tools; ai-tools,A CLI issue tracker for AI Agents,Updated 7 days ago,,AI Agent (General)
bosun-ai/kwaak,326,Rust,rust; artificial-intelligence; developer-tools; terminal-app; agents,Burn through tech debt with AI agents!,Updated on Jan 27,,AI Agent (General)
Xuanwo/xurl,324,Rust,,xURL: Client for AI Agents URLs,Updated on Mar 24,,AI Agent (General)
rtk-ai/icm,319,Rust,rust; experimental; memory; mcp; ai-agents,"Permanent memory for AI agents. Single binary, zero dependencies, MCP native.",Updated 4 days ago,,AI Agent (General)
zavora-ai/adk-rust,317,Rust,realtime; realtime-audio; adk; google-adk; adk-google,"Rust Agent Development Kit (ADK-Rust): Build AI agents in Rust with modular components for models, tools, memory, realtime voice, and mor…",Updated 59 minutes ago,,Agent DevKit / SDK
qqqqqf-q/Arkloop,303,Go,electron; chat; agent; ai; mcp,"干净、强大、属于你的 AI Agent 平台 --AI agents, without the clutter.",Updated 40 minutes ago,,AI Agent (General)
liaotxcn/Weave,302,Go,agent; docker; golang; mcp; gin,"A highly efficient, secure, and stable application development platform with excellent performance, easy scalability, and deep integratio…",Updated on Mar 22,,AI Agent (General)
agentregistry-dev/agentregistry,300,Go,registry; ai; skills; mcp; agents,"Fast-track AI innovation with a centralized, trusted, curated registry",Updated 3 hours ago,,AI Agent (General)
geekjourneyx/jina-cli,294,Go,cli; skills; ai-tools; ai-agent; claude-code,A lightweight CLI tool wrapping Jina AI Reader API for AI Agents. Fetch and parse any URL into LLM-friendly formats (Markdown/Text/HTML).…,Updated on Mar 1,,CLI / Terminal Tools
bgdnvk/clanker,289,Go,agent; kubernetes; infrastructure; cli; golang,"autonomous systems engineering cli agent for any cloud environment: AWS, GCP, Cloudflare, etc",Updated 5 hours ago,,AI Agent (General)
tontinton/maki,285,Rust,,An efficient AI coding agent,Updated 1 hour ago,,AI Agent (General)
tanviet12/chat-quality-agent,282,Go,facebook-messenger; zalo; ai-agent,Chat Quality Agent - Agent phân tích chất lượng CSKH bằng AI,Updated on Mar 30,,AI Agent (General)
clawshell/clawshell,282,Rust,rust; ai; credentials; hermes; harness,"The Runtime Security Layer for OpenClaw/Hermes-agent, the essential safety harness for PII & sensitive credentials protection.",Updated 20 hours ago,,Security / Pentesting
capsulerun/capsule,281,Rust,javascript; python; rust; typescript; serverless,Secure runtime to sandbox AI agent tasks. Run untrusted code in isolated WebAssembly environments.,Updated 12 days ago,,AI Agent (General)
zhimaAi/ChatClaw,280,Go,ima; rag; ai-assistant; open-cowork; openclaw,"ChatClaw: Get OpenClaw-like knowledge base personal AI agent in 5 mins. Sandbox-secured, ultra-small 30MB installer for macOS & Windows (…",Updated 15 days ago,,Memory / Knowledge / RAG
Dicklesworthstone/ntm,279,Go,go; tmux; cli; developer-tools; ai-agents,"Named Tmux Manager: spawn, tile, and coordinate multiple AI coding agents (Claude, Codex, Gemini) across tmux panes with a TUI command pa…",Updated 17 hours ago,,AI Agent (General)
canyonroad/agentsh,277,Go,security; ai; policy; agents; enforcement,Execution-Layer Security (ELS) for AI agents — policy-enforced shell with audit.,Updated 3 hours ago,,AI Agent (General)
mlhher/late-cli,276,Go,agent; cli; golang; terminal; skills,"Orchestrate an entire AI dev team on 5GB VRAM. Ephemeral subagents, exact-match diffs, zero context bloat. Single static binary, zero dep…",Updated 3 days ago,,Agent Orchestration / Workflow
saidutt46/domain-check,274,Rust,rust; cli; library; async; concurrency,"Fast, universal domain availability checker - 1,200+ TLDs, pattern generation, RDAP with WHOIS fallback. CLI + Rust library + MCP server …",Updated on Mar 22,,MCP / Tools Protocol
regent-vcs/re_gent,268,Go,golang; version-control; devtools; developer-tools; ai-agent,Version-Control for AI coding agents.,Updated 8 hours ago,,AI Agent (General)
worldliberty/agentpay-sdk,266,Rust,ai-agents; stablecoin; agentic-payments,"An open SDK for agentic payments. Let AI agents make payments, hold funds, and move money across chains with policy enforcement and human…",Updated 2 days ago,,AI Agent (General)
aannoo/hcom,264,Rust,agent; cli; automation; terminal; ai,"Let AI agents message, watch, and spawn each other across terminals. Claude Code, Gemini CLI, Codex, OpenCode",Updated 20 hours ago,,AI Agent (General)
matrixorigin/Memoria,259,Rust,agent; database; ai; storage; memory,Secure memory management for AI Agents • Ensures data integrity • Reduces hallucinations • Maintains consistent long-term context,Updated 2 days ago,,AI Agent (General)
eqtylab/cupcake,259,Rust,hooks; mcp; opencode; alignment; opa,A native policy enforcement layer for AI coding agents. Built on OPA/Rego.,Updated on Mar 2,,AI Agent (General)
erickochen/purple,258,Rust,docker; rust; cli; ssh; devops,"Open-source terminal SSH manager that keeps ~/.ssh/config in sync with your cloud infra across 16 cloud providers. Spin up a VM, it shows…",Updated yesterday,,CLI / Terminal Tools
Kocoro-lab/ShanClaw,257,Go,,"AI agent runtime powered by Shannon — Mac file ops, shell, GUI automation — with complex task delegation via Shannon Cloud workflows",Updated 20 hours ago,,AI Agent (General)
nekocode/agent-worktree,255,Rust,git; agent; ai; worktree,A Git worktree workflow tool for AI coding agents. Enables parallel development with isolated environments.,Updated 2 days ago,,Agent Orchestration / Workflow
nlpodyssey/openai-agents-go,255,Go,framework; ai; artificial-intelligence; openai; agents,"A lightweight, powerful framework for multi-agent workflows in Go",Updated on Mar 26,,AI Agent (General)
r1n7aro/Locus,255,Rust,rust; gamedev; ai; unity; codex,The open source Unity Dev Agent,Updated 11 hours ago,,AI Agent (General)
quailyquaily/aqua,254,Go,ai-agents; agent-tools; agent-skills,"Aqua, a cli message tool for AI agents",Updated on Mar 24,,AI Agent (General)
ind-igo/cx,251,Rust,,Semantic code navigation for AI agents,Updated 6 hours ago,,AI Agent (General)
ZhangHanDong/agent-spec,248,Rust,agent; spec; ai-coding,`agent-spec` is an AI-native BDD/spec verification tool for task execution.,Updated on Apr 8,,AI Agent (General)
okx/onchainos-skills,248,Rust,,"Skills for AI agents to integrate with the OKX OnchainOS API — Wallet, token discovery, market data, DEX swap, and transaction broadcasting.",Updated yesterday,,AI Agent (General)
safedep/pmg,247,Go,open-source; npm; developer-tools; hacktoberfest; pnpm,"PMG protects developers, AI agents from malicious open source packages using proxy, sandbox and SafeDep's threat intelligence feed.",Updated 4 hours ago,,AI Agent (General)
smallnest/langgraphgo,246,Go,agent; ai; langchain; agentic; langgraph,功能那么强大，代码如此简单,Updated on Feb 24,,AI Agent (General)
jetify-com/ai,244,Go,go; golang; ai; artificial-intelligence; openai,"The AI framework for Go developers. Build powerful AI applications and agents using our free, open-source library. From Jetify, the creat…",Updated on Jan 21,,Agent DevKit / SDK
harvard-cns/orla,243,Go,go; macos; linux; cli; golang,An open-source high performance execution engine for agentic workflows,Updated 21 days ago,,AI Agent (General)
amrit110/oli,242,Rust,agent; rust; assistant; coding; gemini,"A simple, fast terminal based AI coding assistant",Updated 7 hours ago,,CLI / Terminal Tools
librefang/librefang,242,Rust,openclaw; zeroclaw; openfang,LibreFang is an open-source agent operating system written in Rust. Live demo: https://flyio.librefang.ai,Updated 12 hours ago,,AI Agent (General)
tang-vu/ContribAI,239,Rust,github; python; agent; open-source; contributions,"Autonomous AI agent that contributes to open source — discovers repos, analyzes code, generates fixes, and submits PRs",Updated 5 days ago,,AI Agent (General)
superhq-ai/superhq,237,Rust,,Sandboxed AI agent orchestration platform,Updated 16 days ago,,Agent Orchestration / Workflow
papercomputeco/tapes,237,Go,ai; otel; telemtry; agentops,Transparent telemetry collector for agents,Updated 16 hours ago,,AI Agent (General)
PacificStudio/openase,233,Go,agent; ai; software-engineering,Ticket-Driven Automated Software Engineering. OpenASE is an all-in-one platform that turns tickets into working code — AI agents automati…,Updated 10 hours ago,,AI Agent (General)
raystack/meteor,233,Go,ai-agents; context-engine; context-graph; context-engineering; active-metadata,Meteor extracts structured context from across your systems and delivers it to power your organization's context graph and AI agents.,Updated 18 days ago,,AI Agent (General)
agent-sh/agnix,231,Rust,agent; rust; cli; ai; skills,"The missing linter and lsp for AI coding assistants. Validate CLAUDE.md, AGENTS.md, SKILL.md, hooks, MCP. Plugin for all major IDEs inclu…",Updated 7 hours ago,,MCP / Tools Protocol
hardhackerlabs/podwise-cli,229,Go,,"CLI client for podwise.ai — turn any podcast episode into AI-powered insights, designed for use in AI agents and skills workflows.",Updated 4 days ago,,AI Agent (General)
jazzenchen/VibeAround,228,Rust,ai-tools; ai-agent; vibe-coding,"Vibe coding companion: work with your local AI agents from anywhere. Chat on your phone or through a browser terminal, with instant previ…",Updated 5 hours ago,,AI Agent (General)
gsd-build/gsd-browser,226,Rust,,"A fast, native browser automation CLI built from the ground up for AI agents, powered by Chrome DevTools Protocol. 63 commands covering n…",Updated 6 days ago,,AI Agent (General)
RealZST/HarnessKit,224,Rust,developer-tools; cursor; codex; cli-tools; skill-manager,"More than a skill manager — manage skills, MCP servers, plugins, hooks, CLIs, configs, memory & rules across every AI coding agent. 🌟 Sta…",Updated 3 hours ago,,MCP / Tools Protocol
mattermost/mattermost-plugin-agents,223,Go,ai; mattermost; mattermost-plugin; llm,Mattermost Agents plugin supporting multiple LLMs,Updated yesterday,,AI Agent (General)
embedding-shapes/one-agent-one-browser,223,Rust,browser; ai; agents; llm; anti-coordination,"One from scratch browser built by one human and one agent, working hand in hand",Updated on Jan 27,,Browser / Web Automation
Lichas/maxclaw,222,Go,go; ai-agents; openclaw,"OpenClaw-Style Local-First AI Agent in Go - Low-Memory, Private, UI-Ready, Out-of-the-Box",Updated 3 days ago,,AI Agent (General)
cprobe/catpaw,222,Go,,"A lightweight monitoring agent that detects anomalies, auto-diagnoses root causes with AI, and lets you troubleshoot interactively via chat",Updated on Apr 7,,Network Observability
jahala/tilth,220,Rust,cli; ai-agents; context-engineering,Smart(er) code reading for humans and AI agents. Reduces cost per correct answer by ~40% on average. Install: cargo install tilth -or- np…,Updated yesterday,,AI Agent (General)
AkaraChen/aghub,212,Rust,ai; mcp; opencode; configuration-management; assistant,One hub for every AI coding agent. Unified configuration management for 22+ assistants.,Updated 6 hours ago,,AI Agent (General)
VersusControl/ai-infrastructure-agent,210,Go,infrastructure; aws; devops; ai; mcp,AI Infrastructure Agent is an intelligent system that allows you to manage AWS infrastructure using natural language commands.,Updated on Mar 4,,AI Agent (General)
smart-mcp-proxy/mcpproxy-go,209,Go,docker; cli; golang; security; ai,"Supercharge AI Agents, Safely",Updated yesterday,,MCP / Tools Protocol
varun29ankuS/shodh-memory,209,Rust,rust; robotics; mcp; knowledge-graph; ros2,"Cognitive memory for AI agents — learns from use, forgets what's irrelevant, strengthens what matters. Single binary, fully offline.",Updated yesterday,,AI Agent (General)
fy0/CodeKanban,207,Go,terminal; kanban; codex; aiprogramming; coding-agents,Manage all your terminals and ai coding agents from one unified page.,Updated 3 days ago,,CLI / Terminal Tools
DecapodLabs/decapod,205,Rust,rust; ai; kernel; orchestration; control-plane,"Decapod is the daemonless, local-first control plane agents call on demand to converge on human intent, shape context before inference, e…",Updated 5 days ago,,AI Agent (General)
hiroppy/tmux-agent-sidebar,202,Rust,,A tmux sidebar that monitors AI coding agents across all windows and sessions in real-time,Updated 20 hours ago,,Network Observability
Enriquefft/openclaw-kapso-whatsapp,198,Go,go; ai; chatbot; whatsapp; kapso,Give your OpenClaw AI agent a WhatsApp number. Official Meta Cloud API via Kapso. No ban risk.,Updated on Mar 29,,AI Agent (General)
robcholz/vibebox,197,Rust,agent; rust; cli; ai; sandbox,"Ultrafast CLI on Apple Silicon macOS for fast, sandboxed development and LLM agents.",Updated on Feb 18,,CLI / Terminal Tools
LightningRAG/LightningRAG,196,Go,go; agent; golang; ai; vue,"LightningRAG is a full-stack Vue + Gin starter with a decoupled frontend and backend, plus built-in, extensible RAG (retrieval-augmented …",Updated 22 days ago,,Memory / Knowledge / RAG
ourmem/omem,193,Rust,rust; opencode; persistent-memory; vector-search; ai-agent,Shared Memory That Never Forgets — persistent memory for AI agents with Space-based sharing across agents and teams. Plugins for OpenCode…,Updated on Apr 2,,Memory / Knowledge / RAG
aduermael/herm,190,Go,terminal; ai; sandbox; containerization; ai-agents,Terminal-native AI coding agent running in containers.,Updated 4 days ago,,CLI / Terminal Tools
rsclaw-ai/rsclaw,187,Rust,,🦀 AI Agent Engine with Long-Term Memory and Self-Learning & One-Click OpenClaw Migration,Updated 13 hours ago,,AI Agent (General)
smartcomputer-ai/agent-os,186,Rust,,Build autonomous AI agents! 🌞,Updated 5 days ago,,AI Agent (General)
pantalk/pantalk,186,Go,ai; gemini; copilot; codex; ai-agents,Give your AI agent a voice on every chat platform.,Updated on Mar 2,,AI Agent (General)
xalgord/xalgorix,185,Go,security; ai; technology; cybersecurity; bug-bounty,Xalgorix - The Most Powerful Open-Source AI Pentesting Agent,Updated 7 hours ago,,Security / Pentesting
ckanthony/openapi-mcp,185,Go,,Dockerized MCP Server to allow your AI agent to access any API with existing api docs,Updated on Mar 21,,MCP / Tools Protocol
m-mizutani/gollem,185,Go,go; ai-agents; llm,Go framework for agentic AI app with MCP and built-in tools,Updated 1 hour ago,,AI Agent (General)
kontext-security/kontext-cli,185,Go,cli; golang; security; ai; mcp,Open-source CLI for AI coding agents. Give your coding agents access to services without exposing keys.,Updated 6 days ago,,CLI / Terminal Tools
Talus-Network/nexus-sdk,184,Rust,cli; sdk; ai; blockchain; sui,"The Nexus SDK is a set of tools to help facilitate developers building with Nexus, the Agentic Workflow Engine, to build Talus agents or …",Updated 8 hours ago,,AI Agent (General)
liuxiaopai-ai/ralph-desktop,181,Rust,codex; claude-code; ai-coding-agent; ralph-wiggum; ralph-loop,Ralph Desktop - Start vague. Ralph Loop until perfect. A visual controller for AI coding agents that helps you brainstorm requirements an…,Updated on Feb 27,,AI Agent (General)
codeany-ai/codeany,179,Go,,Open-source AI-powered terminal agent. Built in Go.,Updated on Apr 3,,CLI / Terminal Tools
nguyenduchoai/bizclaw,179,Rust,bizino; bizclaw,"BizClaw là nền tảng AI Agent kiến trúc trait-driven chạy trên điện thoại android . Hỗ trợ nhiều LLM provider, kênh giao tiếp, và công cụ …",Updated 5 days ago,,AI Agent (General)
beam-cloud/airstore,178,Go,fuse; ai; filesystem; context; llm,The filesystem for AI agents,Updated 11 days ago,,AI Agent (General)
realtime-ai/realtime-ai,177,Go,,A real-time Agent framework for audio and video.,Updated on Feb 17,,AI Agent (General)
diggerhq/opencomputer,177,Go,,Secure cloud computers for AI agents.,Updated 19 hours ago,,AI Agent (General)
GreyhavenHQ/greywall,175,Go,macos; linux; security; sandbox; opencode,"Container-free, deny-by-default sandbox for AI coding agents. Kernel-enforced filesystem, network, and syscall isolation for Linux and macOS",Updated 15 days ago,,Infrastructure / DevOps
babelcloud/gbox,174,Go,android; linux; agent; browser; mcp,Cli and MCP for gbox. Enable AI agents to operate Android/Browser/Desktop like human.,Updated on Feb 10,,AI Agent (General)
huanchong-99/SoloDawn,172,Rust,,"GitCortex delivers production-grade software directly from social media conversations. It actively resolves ambiguity, architects solutio…",Updated 2 days ago,,AI Agent (General)
mattolson/agent-sandbox,171,Go,agents; agent-sandbox; coding-agents; agent-harness,Secure local dev environment for collaboration with AI coding agents,Updated 7 days ago,,AI Agent (General)
SaynaAI/sayna,169,Rust,text-to-speech; speech-to-text; ai-agents; voice-synthesis; voice-ai,Sayna is a unified Voice Layer for AI Agents with a seemless integration to an existing agentic frameworks,Updated 9 days ago,,AI Agent (General)
erans/lunaroute,168,Rust,agent; ai; codex; claude; aiagent,"LunaRoute is a high-performance local proxy for AI coding assistants like Claude Code, OpenAI Codex CLI, and OpenCode. Get complete visib…",Updated 12 days ago,,CLI / Terminal Tools
AkihiroSuda/alcless,166,Go,,"🍺 Alcoholless: lightweight security sandbox for Homebrew, AI agents, etc. on macOS",Updated 3 days ago,,AI Agent (General)
kdlbs/kandev,165,Go,golang; open-source; nextjs; tui; self-hosted,"AI Kanban & Development Environment. Orchestrate multiple agents, review changes, open PRs. Multi-provider, self-hostable, no telemetry.",Updated 11 hours ago,,Agent Orchestration / Workflow
qntx/erc8004,164,Rust,ethereum; alloy; trustless; agentic-ai; erc8004,Rust SDK for ERC-8004: Onchain AI agent execution registry.,Updated 5 days ago,,AI Agent (General)
dtormoen/tsk-tsk,164,Rust,rust; ai; sandbox; agents; codex,Keeping your agents out of trouble with sandboxed coding agent automation,Updated 17 days ago,,AI Agent (General)
kelos-dev/kelos,162,Go,kubernetes; ai; opencode; ci-cd; gemini,Kelos - The Kubernetes-native framework for orchestrating autonomous AI coding agents.,Updated 4 hours ago,,Agent Orchestration / Workflow
opper-ai/opperator,162,Go,,Opperator is a framework for building and running general AI agents locally from your terminal,Updated on Mar 28,,Agent DevKit / SDK
Dicklesworthstone/meta_skill,162,Rust,rust; cli; mcp; developer-tools; ai-agents,"Local-first skill management platform for AI coding agents: dual SQLite+Git persistence, semantic search, bandit-optimized suggestions, a…",Updated 5 hours ago,,AI Agent (General)
voocel/ainovel-cli,160,Go,go; ai; openai; novel; agents,✨多agent实现全自动AI小说生成,Updated 20 hours ago,,AI Agent (General)
PlatformNetwork/harness-challenge,158,Rust,,"[🖥️] term-challenge is a challenge project from the Platform subnet, where developers run and monetize their terminal-based AI agents. Ag…",Updated on Mar 31,,AI Agent (General)
pgEdge/pgedge-postgres-mcp,157,Go,postgres; ai; server; mcp; postgresql,pgEdge MCP Server. A PostgreSQL MCP server with a Natural Language Agent CLI and Web UI.,Updated yesterday,,MCP / Tools Protocol
wgpsec/redc,157,Go,agent; infrastructure; automation; cloud; tools,Next-generation IaC tools | 下一代基础设施管理工具,Updated 4 days ago,,Security / Pentesting
brekkylab/ailoy,151,Rust,,A comprehensive library for building intelligent AI agents and applications,Updated yesterday,,AI Agent (General)
wesm/kata,151,Go,,"Local-first issue tracking for AI-assisted software work, with an agent-friendly CLI and human-facing TUI",Updated 23 hours ago,,CLI / Terminal Tools
paiml/paiml-mcp-agent-toolkit,150,Rust,kotlin; python; c; rust; typescript,Pragmatic AI Labs MCP Agent Toolkit - An MCP Server designed to make code with agents more deterministic,Updated 3 days ago,,MCP / Tools Protocol
AgenticGoKit/AgenticGoKit,149,Go,golang; framework; ai; mcp; multi-agent,"Open-source Agentic AI framework in Go for building, orchestrating, and deploying intelligent agents. LLM-agnostic, event-driven, with mu…",Updated 14 days ago,,Agent Orchestration / Workflow
stellarlinkco/agentsdk-go,148,Go,,Build AI agents in light speed,Updated 7 hours ago,,AI Agent (General)
severity1/claude-agent-sdk-go,147,Go,go; golang; sdk; ai; developer-tools,Unofficial Go SDK for Claude Code CLI integration. See the Claude Agent SDK documentation for more information. This project has been ren…,Updated 9 hours ago,,CLI / Terminal Tools
m4xxxxx/AIxVuln,147,Go,,一个基于LLM的多Agent全流程漏洞挖掘项目，支持PHP、Java、Python、Go、Node.js等多种语言项目环境搭建、漏洞分析、漏洞验证、报告产出。支持多Agent并发高效率沟通完成漏洞挖掘任务。,Updated 14 days ago,,AI Agent (General)
clawvisor/clawvisor,146,Go,,"API gateway for purpose-based authorization for AI agents. Human approval for tasks, AI-native enforcement for agents.",Updated 4 hours ago,,AI Agent (General)
clawfleet/ClawFleet,146,Go,docker; open-source; automation; ai; telegram-bot,"Deploy a fleet of AI agents (OpenClaw, Hermes) on your machine in 10 minutes — use your ChatGPT subscription, no cloud bills. Open-source…",Updated 12 days ago,,AI Agent (General)
illegalstudio/lazyagent,145,Go,cli; golang; terminal; ai; opencode,"Monitor all your coding agents from one terminal - Claude Code, Cursor, OpenCode, pi and more",Updated 4 days ago,,CLI / Terminal Tools
regenrek/peky,143,Go,cli; project-manager; tui; multi-agent; ai-coding,"All your AI Agents like Claude Code, Codex CLI in a single TUI to keep things organized.",Updated on Jan 29,,AI Agent (General)
ZhangHanDong/mempal,142,Rust,agent; memory-management,AI Agent Memory,Updated 4 days ago,,AI Agent (General)
sammcj/mcp-devtools,142,Go,ai; mcp; devtools; coding; cline,A modular MCP server that provides commonly used developer tools for AI coding agents,Updated 9 hours ago,,MCP / Tools Protocol
parcadei/ouros,140,Rust,,"A sandboxed Python runtime for AI agents, written in Rust.",Updated 17 days ago,,Agent Runtime / Sandbox
rhino-acoustic/NeuronFS,140,Go,multi-agent; file-system; ai-safety; guardrails; model-agnostic,"A filesystem-native governance layer for AI agents. Folders are rules, counters are activation, Git is the audit trail.",Updated 3 days ago,,AI Agent (General)
yantrikos/yantrikdb-server,140,Rust,rust; open-source; database; memory; clustering,"Cognitive memory database for AI agents — consolidates duplicates, detects contradictions, fades stale memories via temporal decay. Rust,…",Updated yesterday,,AI Agent (General)
nwiizo/ccswarm,139,Rust,,Multi-agent orchestration system using Claude Code with Git worktree isolation and specialized AI agents for collaborative development,Updated on Mar 5,,Agent Orchestration / Workflow
steipete/brabble,138,Go,ai; talk,"""Hey, Computer"" from Star Trek. Talk to your agent. Run hooks after trigger comands. Runs locally, cause shit's scary.",Updated 6 days ago,,AI Agent (General)
voltropy/mog,136,Rust,,Programming language for safe AI agents,Updated on Mar 9,,AI Agent (General)
dynatrace-oss/dtctl,133,Go,cli; devops; monitoring; developer-tools; dynatrace,CLI for managing Dynatrace platform resources - built for humans and AI agents alike,Updated yesterday,,CLI / Terminal Tools
mnemon-dev/mnemon,132,Go,cli; golang; memory; sqlite; mcp,"LLM-supervised persistent memory for AI agents — graph-based recall, cross-session knowledge, single binary. Works with Claude Code, Open…",Updated 21 hours ago,,Memory / Knowledge / RAG
devwhodevs/engraph,131,Rust,rust; mcp; knowledge-graph; obsidian; semantic-search,Local knowledge graph for AI agents. Hybrid search + MCP server for Obsidian vaults.,Updated 18 days ago,,MCP / Tools Protocol
wardgate/wardgate,131,Go,security; api-gateway; agentic-workflow; agentic-ai; openclaw,Security gateway for AI agents - credential-isolated API proxying and policy-gated remote execution (conclaves). Reduce the blast radius!,Updated on Mar 11,,AI Agent (General)
QingJ01/Clyde,130,Rust,,A desktop pet that reacts to your AI coding agent sessions in real-time.,Updated 22 days ago,,AI Agent (General)
m7medVision/lazycommit,129,Go,agent; cli; golang; neovim; copilot,AI for generating commit message and PR title,Updated 1 hour ago,,AI Agent (General)
k4cper-g/agent-ctrl,128,Rust,,Desktop automation CLI for AI agents. Fast native Rust CLI.,Updated 1 hour ago,,AI Agent (General)
madebyaris/native-cli-ai,127,Rust,rust; cli; automation; ai; desktop,"A native Rust CLI for orchestrating AI agents across projects, with persistent sessions, worktrees, and local-first control.",Updated 25 days ago,,Agent Orchestration / Workflow
SleuthCo/clawshield-public,127,Go,go; reverse-proxy; ebpf; ai-agents; vulnerability-scanning,"Security proxy for AI agents. Scans every message for prompt injection, PII, and secrets. Defense-in-depth: Go proxy + iptables firewall …",Updated on Mar 26,,Security / Pentesting
glitchedgitz/grroxy,126,Go,toolkit; proxy; pentest; cyber,A cyber security toolkit blending manual testing with AI Agents,Updated 8 hours ago,,Security / Pentesting
kevinelliott/agentpipe,124,Go,ai; cli-app; grok; ai-agents; tui-app,"A CLI/TUI app that orchestrates multi-agent conversations by enabling different AI CLI tools (Claude Code, Gemini, Qwen, etc.) to communi…",Updated on Mar 30,,Agent Orchestration / Workflow
deepnoodle-ai/dive,123,Go,golang; ai; openai; agents; ai-agents,Use Dive to quickly build AI agents in Go. Build agentic CLIs or add AI to your backend Go services. Easily customized and embedded in la…,Updated 4 days ago,,AI Agent (General)
stephnangue/warden,122,Go,go; aws; security; azure; gcp,The secure gateway connecting AI agents to enterprise systems.,Updated yesterday,,AI Agent (General)
junhoyeo/contrabass,122,Go,golang; tui; openai; symphony; harness,🎸 A project-level orchestrator for AI coding agents — Go & Charm stack implementation of OpenAI's Symphony,Updated on Mar 31,,Agent Orchestration / Workflow
opencrust-org/opencrust,121,Rust,rust; open-source; ai; telegram-bot; chatbot,"🦀 Personal Multi-agent AI assistant platform, written in Rust — multi-agent, self-learning skills, RAG, MCP, and agentskills.io compatible",Updated 3 days ago,,AI Agent (General)
mathomhaus/guild,120,Go,golang; sqlite; mcp; cursor; codex,"Shared context, memory, and task coordination across AI coding agents. Single Go binary, local SQLite, hybrid keyword and semantic search.",Updated yesterday,,Memory / Knowledge / RAG
aspasskiy/GoGogot,119,Go,bash; lightweight; golang; productivity; automation,Lightweight self-hosted AI agent. Open-source OpenClaw alternative in Go.,Updated on Mar 21,,AI Agent (General)
tuyoogame/tyclaw.rs,119,Rust,,企业级AI Agent的Rust实现，支持沙箱隔离，审计安全，使用统计，钉钉接入等实用功能。,Updated 13 days ago,,AI Agent (General)
Dicklesworthstone/coding_agent_account_manager,118,Go,go; cli; authentication; developer-tools; ai-agents,"Sub-100ms auth switching for AI coding CLIs (Claude Code, Codex, Gemini): swap subscription accounts instantly when you hit usage limits",Updated 3 days ago,,AI Agent (General)
safedep/gryph,118,Go,security; ai-agents; ai-developer-tools; gemini-cli; claude-code,"Security layer for AI coding agents. Works with Claude Code, Cursor, Windsurf, Gemini CLI, OpenCode, Pi Agent and more.",Updated 2 days ago,,CLI / Terminal Tools
yuanchuan/aivo,118,Rust,codex; github-copilot; openrouter; gemini-cli; claude-code,Aivo is a command-line tool that connects your coding agent to almost any model. It also includes built-in models out of the box — no API…,Updated 4 hours ago,,CLI / Terminal Tools
Agent-FM/agentfm-core,117,Go,python; go; gpu; decentralized; p2p,AgentFM is a peer-to-peer network that turns everyday computers into a decentralized AI supercomputer. AgentFM lets you run massive AI wo…,Updated 7 days ago,,Network Observability
agent-sandbox/agent-sandbox,117,Go,agent; mcp; sandbox; container; kubernetes-native,Agent-Sandbox is an E2B compatible easy-to-use enterprise-grade sandboxes for AI Agents. Allows Agents to securely run untrusted LLM-gene…,Updated 11 days ago,,AI Agent (General)
subinium/agf,117,Rust,rust; cli; terminal; fuzzy-search; tui,"AI Agent Session Finder — TUI to find, resume and manage sessions across Claude Code, Codex, Gemini, Kiro, OpenCode, Cursor, pi, Hermes",Updated 5 days ago,,AI Agent (General)
Goldziher/ai-rulez,116,Go,cli; golang; yaml; documentation; ai,"Complete AI development workflow for 19+ tools. Builtin rules, agents, and conventions out of the box. Generate native configs for Claude…",Updated 5 days ago,,Agent Orchestration / Workflow
madeye/mcp-cli,116,Rust,,a prototype to save fork/exec overhead of ai code agent,Updated 4 days ago,,CLI / Terminal Tools
eljulians/skillfile,116,Rust,dotfiles; rust; cli; productivity; package-manager,"One-stop shop for AI skills and agents. Search 110K+ community skills, install and track them declaratively, and deploy across all major AI…",Updated 2 days ago,,AI Agent (General)
msmps/pilotty,115,Rust,,Daemon-managed PTY sessions for AI agents to interact with terminal applications,Updated on Jan 30,,AI Agent (General)
this-rs/project-orchestrator,115,Rust,,"A Rust-based AI agent orchestrator with Neo4j knowledge graph, Meilisearch semantic search, and Tree-sitter code parsing.",Updated yesterday,,AI Agent (General)
noh-rs/nohrs,115,Rust,,"Nohrs Explorer: Develop a fast, flexible, and extensible file explorer using Rust and gpui as a modern alternative to macOS Finder, aimin…",Updated on Mar 7,,AI Agent (General)
InnerWarden/innerwarden,114,Rust,linux; rust; security; kernel; honeypot,"The security agent that fights back. Watches your Linux server from inside, detects threats with kernel-level eBPF, and stops them with o…",Updated 1 hour ago,,Security / Pentesting
ashishb/amazing-sandbox,112,Go,devops; developer-tools; security-tools,Amazing Sandbox - run third-party tools and AI agents securely on your machine,Updated 3 days ago,,AI Agent (General)
wiseaidotdev/autogpt,112,Rust,agent; rust; sdk; ai; jupyter-notebook,🦀 A Pure Rust Framework For Building AGI.,Updated 2 days ago,,AI Agent (General)
mathematic-inc/earl,111,Rust,graphql; rust; cli; http; security,"Secure CLI proxy for AI agents — HCL-defined operation templates with OS keychain secrets, MCP integration, and prompt injection protection",Updated on Mar 10,,AI Agent (General)
dredozubov/hazmat,111,Go,go; macos; cli; security; sandbox,"macOS containment for AI agents — user isolation, kernel sandbox, pf firewall, DNS blocklist, backup/rollback. TLA+ verified.",Updated 3 days ago,,AI Agent (General)
clearloop/walrus,110,Rust,agent; ai; agentic; agentic-workflow; openclaw,Core abstractions for your agentic workflow,Updated on Mar 10,,AI Agent (General)
mco-org/squad,110,Rust,,Multi-AI agent terminal collaboration tool,Updated 11 days ago,,AI Agent (General)
soth-ai/mcp-reticle,110,Rust,agent; debugging; security; devops; awesome,"Reticle intercepts, visualizes, and profiles JSON-RPC traffic between your LLM and MCP servers in real-time, with zero latency overhead. …",Updated on Jan 6,,MCP / Tools Protocol
fronalabs/frona,108,Rust,ai; personal; assistant; agents,"Frona is a personal AI assistant. You create autonomous agents, give them tools, and talk to them through a chat interface. Agents act on…",Updated 12 hours ago,,AI Agent (General)
permit0-ai/permit0,107,Rust,rust; mcp; compliance; ai-safety; policy-engine,"Stop AI agents from doing things they shouldn't. The action authorization layer — pre-execution, deterministic, policies included. Drop i…",Updated yesterday,,AI Agent (General)
step-security/dev-machine-guard,103,Go,,"Scan your dev machine for AI agents, MCP servers, IDE extensions, and suspicious packages - in seconds.",Updated 2 days ago,,MCP / Tools Protocol
EdoardoBambini/IAGA-Sentinel,103,Rust,,"AI agents are getting tool access — shell, file system, databases, APIs, secrets. But **nobody is governing what they actually do with it…",Updated 6 days ago,,AI Agent (General)
zunor/paro,102,Rust,rust; sql; database; storage-engine; postgresql,"An AI-native multi-model database unifying SQL, vector, full-text, graph, and sandboxed Python — for transactional, analytical, and agent …",Updated 7 days ago,,Database / Data Warehouse
The-17/agentsecrets,101,Go,security; devops; ai; developer-tools; ai-agents,"Zero-knowledge secrets infrastructure built for AI agents to operate, not just consume.",Updated 2 hours ago,,Security / Pentesting
arkylab/aspm,101,Rust,package-manager; skill; claude; skill-manager; claude-code,"A Git-based package manager designed for AI-assisted development, similar to npm but supporting skills, agents, commands, hooks, and any AI…",Updated 7 days ago,,AI Agent (General)
chenhg5/agencycli,101,Go,,"Lightweight CLI to build self-managing AI agent teams. Define roles, skills & projects in Markdown+YAML — agents run autonomously on a he…",Updated 21 hours ago,,AI Agent (General)
